
insert into user (id, username, password, first_name, last_name, email, rol, created_at, last_login, active) values (1, 'cackerley0', 'O1idfZOGbX3', 'Cecilio', 'Ackerley', 'cackerley0@youku.com', 1, '2022-04-22 21:16:41', '2022-02-09 02:12:02', 1);
insert into user (id, username, password, first_name, last_name, email, rol, created_at, last_login, active) values (2, 'dheineken1', 'rElp6U', 'Danita', 'Heineken', 'dheineken1@goodreads.com', 0, '2022-01-30 08:37:10', '2021-10-22 02:09:20', 1);
insert into user (id, username, password, first_name, last_name, email, rol, created_at, last_login, active) values (3, 'bhaggart2', 'jzNx0ml', 'Baldwin', 'Haggart', 'bhaggart2@redcross.org', 0, '2022-08-21 19:38:58', '2022-08-11 01:26:40', 0);
insert into user (id, username, password, first_name, last_name, email, rol, created_at, last_login, active) values (4, 'celcoate3', 'xUkSoJ1', 'Celina', 'Elcoate', 'celcoate3@geocities.com', 1, '2022-04-11 19:33:13', '2022-03-31 18:52:36', 0);
insert into user (id, username, password, first_name, last_name, email, rol, created_at, last_login, active) values (5, 'hmalamore4', 'oANvPEpEA5X', 'Hershel', 'Malamore', 'hmalamore4@drupal.org', 0, '2022-09-13 04:06:15', '2022-04-25 10:20:23', 0);
insert into user (id, username, password, first_name, last_name, email, rol, created_at, last_login, active) values (6, 'mclouston5', 'qHm9fkf09dT', 'Maegan', 'Clouston', 'mclouston5@over-blog.com', 0, '2021-10-28 11:21:01', '2022-01-22 17:40:27', 0);
insert into user (id, username, password, first_name, last_name, email, rol, created_at, last_login, active) values (7, 'nwinkless6', 'MSXGWuWjTh', 'Nobe', 'Winkless', 'nwinkless6@t-online.de', 1, '2022-01-02 16:55:08', '2022-08-30 00:44:07', 0);
insert into user (id, username, password, first_name, last_name, email, rol, created_at, last_login, active) values (8, 'rjorioz7', 'P43R5dNm', 'Rochell', 'Jorioz', 'rjorioz7@liveinternet.ru', 1, '2022-02-24 05:50:32', '2022-01-11 05:03:09', 1);
insert into user (id, username, password, first_name, last_name, email, rol, created_at, last_login, active) values (9, 'mbrose8', 'HZVX5Elmp', 'Merv', 'Brose', 'mbrose8@topsy.com', 1, '2022-01-19 12:43:53', '2022-07-22 08:06:47', 0);
insert into user (id, username, password, first_name, last_name, email, rol, created_at, last_login, active) values (10, 'zegleton9', 'gKhRACFj', 'Zondra', 'Egleton', 'zegleton9@theguardian.com', 1, '2022-09-18 21:06:45', '2022-06-18 22:11:25', 0);
insert into user (id, username, password, first_name, last_name, email, rol, created_at, last_login, active) values (11, 'ggoodereda', 'RNjguea8Jw2', 'Gil', 'Goodered', 'ggoodereda@cocolog-nifty.com', 0, '2022-06-30 00:26:22', '2022-04-10 22:46:18', 1);
insert into user (id, username, password, first_name, last_name, email, rol, created_at, last_login, active) values (12, 'elippettb', 'OxfWIKS8F90f', 'Elayne', 'Lippett', 'elippettb@google.nl', 0, '2021-11-25 08:03:08', '2022-05-14 21:45:14', 0);
insert into user (id, username, password, first_name, last_name, email, rol, created_at, last_login, active) values (13, 'aledfordc', 'kYQGibtZnuZ', 'Alard', 'Ledford', 'aledfordc@reddit.com', 1, '2022-06-16 00:37:15', '2022-06-27 06:51:44', 0);
insert into user (id, username, password, first_name, last_name, email, rol, created_at, last_login, active) values (14, 'nhaddend', 'n9tacc', 'Nikolas', 'Hadden', 'nhaddend@google.cn', 1, '2022-03-08 00:40:17', '2021-11-13 01:25:50', 1);
insert into user (id, username, password, first_name, last_name, email, rol, created_at, last_login, active) values (15, 'opfeifere', 'jKZIQc', 'Odele', 'Pfeifer', 'opfeifere@sohu.com', 1, '2022-01-08 23:04:18', '2022-07-04 03:07:57', 0);


insert into post (id, title, brief, content, image, created_at, status, user_id) values (1, 'Praesent id massa id nisl venenatis lacinia. Aenean sit amet justo. Morbi ut odio.', 'Aenean lectus. Pellentesque eget nunc. Donec quis orci eget orci vehicula condimentum.

Curabitur in libero ut massa volutpat convallis. Morbi odio odio, elementum eu, interdum eu, tincidunt in, leo. Maecenas pulvinar lobortis est.', 'Etiam vel augue. Vestibulum rutrum rutrum neque. Aenean auctor gravida sem.

Praesent id massa id nisl venenatis lacinia. Aenean sit amet justo. Morbi ut odio.

Cras mi pede, malesuada in, imperdiet et, commodo vulputate, justo. In blandit ultrices enim. Lorem ipsum dolor sit amet, consectetuer adipiscing elit.', '1.jpg', '2021-12-11 03:39:51', 1, 10);
insert into post (id, title, brief, content, image, created_at, status, user_id) values (2, 'In quis justo. Maecenas rhoncus aliquam lacus. Morbi quis tortor id nulla ultrices aliquet.', 'Proin eu mi. Nulla ac enim. In tempor, turpis nec euismod scelerisque, quam turpis adipiscing lorem, vitae mattis nibh ligula nec sem.

Duis aliquam convallis nunc. Proin at turpis a pede posuere nonummy. Integer non velit.', 'Fusce consequat. Nulla nisl. Nunc nisl.

Duis bibendum, felis sed interdum venenatis, turpis enim blandit mi, in porttitor pede justo eu massa. Donec dapibus. Duis at velit eu est congue elementum.

In hac habitasse platea dictumst. Morbi vestibulum, velit id pretium iaculis, diam erat fermentum justo, nec condimentum neque sapien placerat ante. Nulla justo.

Aliquam quis turpis eget elit sodales scelerisque. Mauris sit amet eros. Suspendisse accumsan tortor quis turpis.

Sed ante. Vivamus tortor. Duis mattis egestas metus.

Aenean fermentum. Donec ut mauris eget massa tempor convallis. Nulla neque libero, convallis eget, eleifend luctus, ultricies eu, nibh.', '2.jpg', '2022-02-04 05:13:59', 0, 7);
insert into post (id, title, brief, content, image, created_at, status, user_id) values (3, 'In hac habitasse platea dictumst. Etiam faucibus cursus urna. Ut tellus.', 'Duis consequat dui nec nisi volutpat eleifend. Donec ut dolor. Morbi vel lectus in quam fringilla rhoncus.

Mauris enim leo, rhoncus sed, vestibulum sit amet, cursus id, turpis. Integer aliquet, massa id lobortis convallis, tortor risus dapibus augue, vel accumsan tellus nisi eu orci. Mauris lacinia sapien quis libero.', 'Integer tincidunt ante vel ipsum. Praesent blandit lacinia erat. Vestibulum sed magna at nunc commodo placerat.

Praesent blandit. Nam nulla. Integer pede justo, lacinia eget, tincidunt eget, tempus vel, pede.

Morbi porttitor lorem id ligula. Suspendisse ornare consequat lectus. In est risus, auctor sed, tristique in, tempus sit amet, sem.

Fusce consequat. Nulla nisl. Nunc nisl.

Duis bibendum, felis sed interdum venenatis, turpis enim blandit mi, in porttitor pede justo eu massa. Donec dapibus. Duis at velit eu est congue elementum.', '3.jpg', '2022-02-08 18:21:42', 1, 12);
insert into post (id, title, brief, content, image, created_at, status, user_id) values (4, 'Duis bibendum, felis sed interdum venenatis, turpis enim blandit mi, in porttitor pede justo eu massa. Donec dapibus. Duis at velit eu est congue elementum.', 'Integer tincidunt ante vel ipsum. Praesent blandit lacinia erat. Vestibulum sed magna at nunc commodo placerat.', 'Phasellus in felis. Donec semper sapien a libero. Nam dui.

Proin leo odio, porttitor id, consequat in, consequat ut, nulla. Sed accumsan felis. Ut at dolor quis odio consequat varius.

Integer ac leo. Pellentesque ultrices mattis odio. Donec vitae nisi.

Nam ultrices, libero non mattis pulvinar, nulla pede ullamcorper augue, a suscipit nulla elit ac nulla. Sed vel enim sit amet nunc viverra dapibus. Nulla suscipit ligula in lacus.

Curabitur at ipsum ac tellus semper interdum. Mauris ullamcorper purus sit amet nulla. Quisque arcu libero, rutrum ac, lobortis vel, dapibus at, diam.', '4.jpg', '2022-07-18 08:58:37', 0, 1);
insert into post (id, title, brief, content, image, created_at, status, user_id) values (5, 'Morbi porttitor lorem id ligula. Suspendisse ornare consequat lectus. In est risus, auctor sed, tristique in, tempus sit amet, sem.', 'Proin interdum mauris non ligula pellentesque ultrices. Phasellus id sapien in sapien iaculis congue. Vivamus metus arcu, adipiscing molestie, hendrerit at, vulputate vitae, nisl.', 'In hac habitasse platea dictumst. Etiam faucibus cursus urna. Ut tellus.

Nulla ut erat id mauris vulputate elementum. Nullam varius. Nulla facilisi.

Cras non velit nec nisi vulputate nonummy. Maecenas tincidunt lacus at velit. Vivamus vel nulla eget eros elementum pellentesque.', '5.jpg', '2022-09-22 23:08:54', 0, 15);
insert into post (id, title, brief, content, image, created_at, status, user_id) values (6, 'Quisque porta volutpat erat. Quisque erat eros, viverra eget, congue eget, semper rutrum, nulla. Nunc purus.', 'Curabitur gravida nisi at nibh. In hac habitasse platea dictumst. Aliquam augue quam, sollicitudin vitae, consectetuer eget, rutrum at, lorem.', 'Morbi non lectus. Aliquam sit amet diam in magna bibendum imperdiet. Nullam orci pede, venenatis non, sodales sed, tincidunt eu, felis.

Fusce posuere felis sed lacus. Morbi sem mauris, laoreet ut, rhoncus aliquet, pulvinar sed, nisl. Nunc rhoncus dui vel sem.

Sed sagittis. Nam congue, risus semper porta volutpat, quam pede lobortis ligula, sit amet eleifend pede libero quis orci. Nullam molestie nibh in lectus.

Pellentesque at nulla. Suspendisse potenti. Cras in purus eu magna vulputate luctus.

Cum sociis natoque penatibus et magnis dis parturient montes, nascetur ridiculus mus. Vivamus vestibulum sagittis sapien. Cum sociis natoque penatibus et magnis dis parturient montes, nascetur ridiculus mus.

Etiam vel augue. Vestibulum rutrum rutrum neque. Aenean auctor gravida sem.', '6.jpg', '2022-07-01 23:42:08', 1, 7);
insert into post (id, title, brief, content, image, created_at, status, user_id) values (7, 'Maecenas ut massa quis augue luctus tincidunt. Nulla mollis molestie lorem. Quisque ut erat.', 'Phasellus in felis. Donec semper sapien a libero. Nam dui.', 'Vestibulum quam sapien, varius ut, blandit non, interdum in, ante. Vestibulum ante ipsum primis in faucibus orci luctus et ultrices posuere cubilia Curae; Duis faucibus accumsan odio. Curabitur convallis.

Duis consequat dui nec nisi volutpat eleifend. Donec ut dolor. Morbi vel lectus in quam fringilla rhoncus.

Mauris enim leo, rhoncus sed, vestibulum sit amet, cursus id, turpis. Integer aliquet, massa id lobortis convallis, tortor risus dapibus augue, vel accumsan tellus nisi eu orci. Mauris lacinia sapien quis libero.

Nullam sit amet turpis elementum ligula vehicula consequat. Morbi a ipsum. Integer a nibh.', '7.jpg', '2022-03-23 01:13:29', 0, 9);
insert into post (id, title, brief, content, image, created_at, status, user_id) values (8, 'Nam ultrices, libero non mattis pulvinar, nulla pede ullamcorper augue, a suscipit nulla elit ac nulla. Sed vel enim sit amet nunc viverra dapibus. Nulla suscipit ligula in lacus.', 'Duis consequat dui nec nisi volutpat eleifend. Donec ut dolor. Morbi vel lectus in quam fringilla rhoncus.', 'Morbi non lectus. Aliquam sit amet diam in magna bibendum imperdiet. Nullam orci pede, venenatis non, sodales sed, tincidunt eu, felis.

Fusce posuere felis sed lacus. Morbi sem mauris, laoreet ut, rhoncus aliquet, pulvinar sed, nisl. Nunc rhoncus dui vel sem.

Sed sagittis. Nam congue, risus semper porta volutpat, quam pede lobortis ligula, sit amet eleifend pede libero quis orci. Nullam molestie nibh in lectus.

Pellentesque at nulla. Suspendisse potenti. Cras in purus eu magna vulputate luctus.

Cum sociis natoque penatibus et magnis dis parturient montes, nascetur ridiculus mus. Vivamus vestibulum sagittis sapien. Cum sociis natoque penatibus et magnis dis parturient montes, nascetur ridiculus mus.

Etiam vel augue. Vestibulum rutrum rutrum neque. Aenean auctor gravida sem.', '8.jpg', '2022-03-19 00:17:10', 0, 6);
insert into post (id, title, brief, content, image, created_at, status, user_id) values (9, 'Mauris enim leo, rhoncus sed, vestibulum sit amet, cursus id, turpis. Integer aliquet, massa id lobortis convallis, tortor risus dapibus augue, vel accumsan tellus nisi eu orci. Mauris lacinia sapien quis libero.', 'Donec diam neque, vestibulum eget, vulputate ut, ultrices vel, augue. Vestibulum ante ipsum primis in faucibus orci luctus et ultrices posuere cubilia Curae; Donec pharetra, magna vestibulum aliquet ultrices, erat tortor sollicitudin mi, sit amet lobortis sapien sapien non mi. Integer ac neque.

Duis bibendum. Morbi non quam nec dui luctus rutrum. Nulla tellus.', 'Maecenas tristique, est et tempus semper, est quam pharetra magna, ac consequat metus sapien ut nunc. Vestibulum ante ipsum primis in faucibus orci luctus et ultrices posuere cubilia Curae; Mauris viverra diam vitae quam. Suspendisse potenti.

Nullam porttitor lacus at turpis. Donec posuere metus vitae ipsum. Aliquam non mauris.

Morbi non lectus. Aliquam sit amet diam in magna bibendum imperdiet. Nullam orci pede, venenatis non, sodales sed, tincidunt eu, felis.

Fusce posuere felis sed lacus. Morbi sem mauris, laoreet ut, rhoncus aliquet, pulvinar sed, nisl. Nunc rhoncus dui vel sem.

Sed sagittis. Nam congue, risus semper porta volutpat, quam pede lobortis ligula, sit amet eleifend pede libero quis orci. Nullam molestie nibh in lectus.', '9.jpg', '2022-03-07 01:23:16', 0, 11);
insert into post (id, title, brief, content, image, created_at, status, user_id) values (10, 'Quisque porta volutpat erat. Quisque erat eros, viverra eget, congue eget, semper rutrum, nulla. Nunc purus.', 'Nullam porttitor lacus at turpis. Donec posuere metus vitae ipsum. Aliquam non mauris.', 'Phasellus in felis. Donec semper sapien a libero. Nam dui.

Proin leo odio, porttitor id, consequat in, consequat ut, nulla. Sed accumsan felis. Ut at dolor quis odio consequat varius.

Integer ac leo. Pellentesque ultrices mattis odio. Donec vitae nisi.

Nam ultrices, libero non mattis pulvinar, nulla pede ullamcorper augue, a suscipit nulla elit ac nulla. Sed vel enim sit amet nunc viverra dapibus. Nulla suscipit ligula in lacus.', '10.jpg', '2022-10-06 04:01:33', 0, 14);


insert into comment (id, name, comment, created_at, status, post_id) values (1, 'Link Livingston', 'Pellentesque at nulla. Suspendisse potenti. Cras in purus eu magna vulputate luctus.

Cum sociis natoque penatibus et magnis dis parturient montes, nascetur ridiculus mus. Vivamus vestibulum sagittis sapien. Cum sociis natoque penatibus et magnis dis parturient montes, nascetur ridiculus mus.', '2021-12-06 04:58:20', 0, 5);
insert into comment (id, name, comment, created_at, status, post_id) values (2, 'Newton Pentecust', 'Nullam porttitor lacus at turpis. Donec posuere metus vitae ipsum. Aliquam non mauris.

Morbi non lectus. Aliquam sit amet diam in magna bibendum imperdiet. Nullam orci pede, venenatis non, sodales sed, tincidunt eu, felis.', '2022-01-22 18:06:24', 0, 3);
insert into comment (id, name, comment, created_at, status, post_id) values (3, 'Manon Everil', 'Duis bibendum. Morbi non quam nec dui luctus rutrum. Nulla tellus.', '2021-11-05 20:23:16', 1, 5);
insert into comment (id, name, comment, created_at, status, post_id) values (4, 'Richmound Tate', 'Pellentesque at nulla. Suspendisse potenti. Cras in purus eu magna vulputate luctus.

Cum sociis natoque penatibus et magnis dis parturient montes, nascetur ridiculus mus. Vivamus vestibulum sagittis sapien. Cum sociis natoque penatibus et magnis dis parturient montes, nascetur ridiculus mus.', '2022-05-25 14:47:23', 1, 7);
insert into comment (id, name, comment, created_at, status, post_id) values (5, 'Shaine Cosley', 'Vestibulum quam sapien, varius ut, blandit non, interdum in, ante. Vestibulum ante ipsum primis in faucibus orci luctus et ultrices posuere cubilia Curae; Duis faucibus accumsan odio. Curabitur convallis.', '2022-05-31 16:27:45', 0, 7);
insert into comment (id, name, comment, created_at, status, post_id) values (6, 'Caroline Guillou', 'Proin eu mi. Nulla ac enim. In tempor, turpis nec euismod scelerisque, quam turpis adipiscing lorem, vitae mattis nibh ligula nec sem.

Duis aliquam convallis nunc. Proin at turpis a pede posuere nonummy. Integer non velit.

Donec diam neque, vestibulum eget, vulputate ut, ultrices vel, augue. Vestibulum ante ipsum primis in faucibus orci luctus et ultrices posuere cubilia Curae; Donec pharetra, magna vestibulum aliquet ultrices, erat tortor sollicitudin mi, sit amet lobortis sapien sapien non mi. Integer ac neque.', '2022-08-22 01:22:53', 0, 10);
insert into comment (id, name, comment, created_at, status, post_id) values (7, 'Kylen Swigger', 'Phasellus in felis. Donec semper sapien a libero. Nam dui.

Proin leo odio, porttitor id, consequat in, consequat ut, nulla. Sed accumsan felis. Ut at dolor quis odio consequat varius.', '2022-05-30 12:16:58', 1, 4);
insert into comment (id, name, comment, created_at, status, post_id) values (8, 'Benn Titchen', 'Sed sagittis. Nam congue, risus semper porta volutpat, quam pede lobortis ligula, sit amet eleifend pede libero quis orci. Nullam molestie nibh in lectus.

Pellentesque at nulla. Suspendisse potenti. Cras in purus eu magna vulputate luctus.', '2021-12-11 23:43:30', 1, 2);
insert into comment (id, name, comment, created_at, status, post_id) values (9, 'Margery Mein', 'In quis justo. Maecenas rhoncus aliquam lacus. Morbi quis tortor id nulla ultrices aliquet.', '2022-01-04 02:12:07', 1, 9);
insert into comment (id, name, comment, created_at, status, post_id) values (10, 'Erich Kopfer', 'Curabitur gravida nisi at nibh. In hac habitasse platea dictumst. Aliquam augue quam, sollicitudin vitae, consectetuer eget, rutrum at, lorem.', '2022-08-23 02:12:44', 0, 1);
insert into comment (id, name, comment, created_at, status, post_id) values (11, 'Stanfield Barrell', 'Sed ante. Vivamus tortor. Duis mattis egestas metus.', '2022-07-14 14:11:41', 0, 3);
insert into comment (id, name, comment, created_at, status, post_id) values (12, 'Claudian Gilmour', 'Duis aliquam convallis nunc. Proin at turpis a pede posuere nonummy. Integer non velit.', '2022-03-19 00:41:30', 1, 2);
insert into comment (id, name, comment, created_at, status, post_id) values (13, 'Natty Bourdel', 'Mauris enim leo, rhoncus sed, vestibulum sit amet, cursus id, turpis. Integer aliquet, massa id lobortis convallis, tortor risus dapibus augue, vel accumsan tellus nisi eu orci. Mauris lacinia sapien quis libero.', '2021-11-15 20:17:57', 1, 3);
insert into comment (id, name, comment, created_at, status, post_id) values (14, 'Gardener Graddell', 'Etiam vel augue. Vestibulum rutrum rutrum neque. Aenean auctor gravida sem.', '2022-05-18 20:37:28', 1, 8);
insert into comment (id, name, comment, created_at, status, post_id) values (15, 'Christen Clayton', 'Proin eu mi. Nulla ac enim. In tempor, turpis nec euismod scelerisque, quam turpis adipiscing lorem, vitae mattis nibh ligula nec sem.

Duis aliquam convallis nunc. Proin at turpis a pede posuere nonummy. Integer non velit.

Donec diam neque, vestibulum eget, vulputate ut, ultrices vel, augue. Vestibulum ante ipsum primis in faucibus orci luctus et ultrices posuere cubilia Curae; Donec pharetra, magna vestibulum aliquet ultrices, erat tortor sollicitudin mi, sit amet lobortis sapien sapien non mi. Integer ac neque.', '2022-06-12 20:09:44', 0, 9);
insert into comment (id, name, comment, created_at, status, post_id) values (16, 'Vivienne Hilldrup', 'Vestibulum ac est lacinia nisi venenatis tristique. Fusce congue, diam id ornare imperdiet, sapien urna pretium nisl, ut volutpat sapien arcu sed augue. Aliquam erat volutpat.

In congue. Etiam justo. Etiam pretium iaculis justo.', '2022-10-10 09:26:42', 1, 9);
insert into comment (id, name, comment, created_at, status, post_id) values (17, 'Esta Hovenden', 'Sed ante. Vivamus tortor. Duis mattis egestas metus.

Aenean fermentum. Donec ut mauris eget massa tempor convallis. Nulla neque libero, convallis eget, eleifend luctus, ultricies eu, nibh.

Quisque id justo sit amet sapien dignissim vestibulum. Vestibulum ante ipsum primis in faucibus orci luctus et ultrices posuere cubilia Curae; Nulla dapibus dolor vel est. Donec odio justo, sollicitudin ut, suscipit a, feugiat et, eros.', '2022-06-15 20:50:11', 1, 10);
insert into comment (id, name, comment, created_at, status, post_id) values (18, 'Yale Handley', 'Fusce posuere felis sed lacus. Morbi sem mauris, laoreet ut, rhoncus aliquet, pulvinar sed, nisl. Nunc rhoncus dui vel sem.

Sed sagittis. Nam congue, risus semper porta volutpat, quam pede lobortis ligula, sit amet eleifend pede libero quis orci. Nullam molestie nibh in lectus.

Pellentesque at nulla. Suspendisse potenti. Cras in purus eu magna vulputate luctus.', '2022-03-25 13:09:09', 1, 9);
insert into comment (id, name, comment, created_at, status, post_id) values (19, 'Conn Whitefoot', 'Duis consequat dui nec nisi volutpat eleifend. Donec ut dolor. Morbi vel lectus in quam fringilla rhoncus.

Mauris enim leo, rhoncus sed, vestibulum sit amet, cursus id, turpis. Integer aliquet, massa id lobortis convallis, tortor risus dapibus augue, vel accumsan tellus nisi eu orci. Mauris lacinia sapien quis libero.', '2022-01-25 16:58:17', 0, 9);
insert into comment (id, name, comment, created_at, status, post_id) values (20, 'Annabelle Zmitrovich', 'Morbi non lectus. Aliquam sit amet diam in magna bibendum imperdiet. Nullam orci pede, venenatis non, sodales sed, tincidunt eu, felis.

Fusce posuere felis sed lacus. Morbi sem mauris, laoreet ut, rhoncus aliquet, pulvinar sed, nisl. Nunc rhoncus dui vel sem.

Sed sagittis. Nam congue, risus semper porta volutpat, quam pede lobortis ligula, sit amet eleifend pede libero quis orci. Nullam molestie nibh in lectus.', '2022-09-09 20:17:16', 1, 4);
insert into comment (id, name, comment, created_at, status, post_id) values (21, 'Aldwin Baudic', 'Phasellus sit amet erat. Nulla tempus. Vivamus in felis eu sapien cursus vestibulum.', '2022-07-19 17:08:50', 0, 1);
insert into comment (id, name, comment, created_at, status, post_id) values (22, 'Carver Esposito', 'Donec diam neque, vestibulum eget, vulputate ut, ultrices vel, augue. Vestibulum ante ipsum primis in faucibus orci luctus et ultrices posuere cubilia Curae; Donec pharetra, magna vestibulum aliquet ultrices, erat tortor sollicitudin mi, sit amet lobortis sapien sapien non mi. Integer ac neque.', '2022-05-16 08:22:59', 1, 10);
insert into comment (id, name, comment, created_at, status, post_id) values (23, 'Afton Redgate', 'Lorem ipsum dolor sit amet, consectetuer adipiscing elit. Proin risus. Praesent lectus.', '2021-12-01 13:27:08', 1, 10);
insert into comment (id, name, comment, created_at, status, post_id) values (24, 'Foss Wale', 'Phasellus sit amet erat. Nulla tempus. Vivamus in felis eu sapien cursus vestibulum.

Proin eu mi. Nulla ac enim. In tempor, turpis nec euismod scelerisque, quam turpis adipiscing lorem, vitae mattis nibh ligula nec sem.', '2022-06-30 04:05:13', 0, 7);
insert into comment (id, name, comment, created_at, status, post_id) values (25, 'Katuscha Bellanger', 'Nullam porttitor lacus at turpis. Donec posuere metus vitae ipsum. Aliquam non mauris.', '2022-01-30 22:13:08', 0, 10);
insert into comment (id, name, comment, created_at, status, post_id) values (26, 'Aguste Yeudall', 'Lorem ipsum dolor sit amet, consectetuer adipiscing elit. Proin risus. Praesent lectus.

Vestibulum quam sapien, varius ut, blandit non, interdum in, ante. Vestibulum ante ipsum primis in faucibus orci luctus et ultrices posuere cubilia Curae; Duis faucibus accumsan odio. Curabitur convallis.', '2022-04-20 11:51:48', 1, 8);
insert into comment (id, name, comment, created_at, status, post_id) values (27, 'Salem Hoyt', 'Cras mi pede, malesuada in, imperdiet et, commodo vulputate, justo. In blandit ultrices enim. Lorem ipsum dolor sit amet, consectetuer adipiscing elit.', '2021-12-16 09:27:37', 1, 8);
insert into comment (id, name, comment, created_at, status, post_id) values (28, 'Hillary Delafont', 'Nullam porttitor lacus at turpis. Donec posuere metus vitae ipsum. Aliquam non mauris.', '2022-01-13 04:21:08', 1, 8);
insert into comment (id, name, comment, created_at, status, post_id) values (29, 'Sheeree Sokill', 'In hac habitasse platea dictumst. Morbi vestibulum, velit id pretium iaculis, diam erat fermentum justo, nec condimentum neque sapien placerat ante. Nulla justo.

Aliquam quis turpis eget elit sodales scelerisque. Mauris sit amet eros. Suspendisse accumsan tortor quis turpis.

Sed ante. Vivamus tortor. Duis mattis egestas metus.', '2022-09-02 21:00:13', 0, 9);
insert into comment (id, name, comment, created_at, status, post_id) values (30, 'Iver Drohan', 'Maecenas ut massa quis augue luctus tincidunt. Nulla mollis molestie lorem. Quisque ut erat.

Curabitur gravida nisi at nibh. In hac habitasse platea dictumst. Aliquam augue quam, sollicitudin vitae, consectetuer eget, rutrum at, lorem.', '2022-07-25 16:06:54', 1, 3);
